{"1": [0.9780649138219967, 0.021922077057390292, 1.294594867745688e-05, 0.0, 6.317193619583907e-08, 1.0699253127157649e-17], "2": [0.24114485022584795, 0.5405790900362052, 0.14367338023598544, 0.04529600326069365, 0.029306676241269584, 0.001720682049428815], "3": [0.09471882856753527, 0.20969081748091611, 0.31993530834262907, 0.3387441154707821, 0.036910930138141264, 1.1103052628484127]}